{"accuracy": [0.8668650388717651, 0.9165708422660828, 0.9408038854598999, 0.9495502710342407, 0.9570568799972534, 0.9612722992897034, 0.9660512804985046, 0.9649917483329773, 0.9705822467803955, 0.9717770218849182], "loss": [0.421855628490448, 0.2549143135547638, 0.1803874522447586, 0.1517043262720108, 0.12770597636699677, 0.1175723448395729, 0.10253649950027466, 0.10604320466518402, 0.09160684049129486, 0.08738724142313004], "val_accuracy": [0.8518986105918884, 0.8632633090019226, 0.8450437188148499, 0.8813024163246155, 0.9101650714874268, 0.9098042845726013, 0.8484711647033691, 0.9267610907554626, 0.8899612426757812, 0.9075493812561035], "val_loss": [0.47697684168815613, 0.42205584049224854, 0.6232683658599854, 0.4244025945663452, 0.32546156644821167, 0.3595208525657654, 0.6423925757408142, 0.2886332869529724, 0.41644585132598877, 0.39847904443740845]}